9789351199380,9789351199380A
9789351199380,9789351199380B
9789351199380,9789351199380C
9788120348424,9788120348424A
9788120348424,9788120348424B
9788120348424,9788120348424C
9789351197584,9789351197584A
9789351197584,9789351197584B
9789351197584,9789351197584C
9789386601407,9789386601407A
9789386601407,9789386601407B
9789386601407,9789386601407C
9789352921171,9789352921171A
9789352921171,9789352921171B
9789352921171,9789352921171C
9789352604166,9789352604166A
9789352604166,9789352604166B
9789352604166,9789352604166C
9789332549449,9789332549449A
9789332549449,9789332549449B
9789332549449,9789332549449C
9789351343202,9789351343202A
9789351343202,9789351343202B
9789351343202,9789351343202C
9788131773383,9788131773383A
9788131773383,9788131773383B
9788131773383,9788131773383C
9788131705216,9788131705216A
9788131705216,9788131705216B
9788131705216,9788131705216C
9788126563050,9788126563050A
9788126563050,9788126563050B
9788126563050,9788126563050C
9788126568932,9788126568932A
9788126568932,9788126568932B
9788126568932,9788126568932C
9788126576104,9788126576104A
9788126576104,9788126576104B
9788126576104,9788126576104C
9789351198147,9789351198147A
9789351198147,9789351198147B
9789351198147,9789351198147C
9789388176644,9789388176644A
9789388176644,9789388176644B
9789388176644,9789388176644C
9780984782864,9780984782864A
9780984782864,9780984782864B
9780984782864,9780984782864C
9789386551337,9789386551337A
9789386551337,9789386551337B
9789386551337,9789386551337C
9789386551375,9789386551375A
9789386551375,9789386551375B
9789386551375,9789386551375C
9781316601853,9781316601853A
9781316601853,9781316601853B
9781316601853,9781316601853C
9789332543553,9789332543553A
9789332543553,9789332543553B
9789332543553,9789332543553C