M0001,9789351199380A,2021-08-01
M0002,9789351199380B,2021-08-02
M0003,9789351197584B,2021-08-03
M0004,9789351197584C,2021-08-04
M0005,9789386601407A,2021-08-05
M0006,9789351343202B,2021-08-06
M0007,9789351343202C,2021-08-07
M0008,9788131773383A,2021-08-08
M0009,9788131773383B,2021-08-01
M0010,9788131705216C,2021-08-09
M0011,9788126568932B,2021-08-01
M0012,9788126576104A,2021-08-10
M0013,9789351198147B,2021-08-01
M0014,9789388176644C,2021-08-11
M0060,9789386551337B,2021-07-01
M0050,9789332543553A,2021-08-11
M0048,9789332543553B,2021-08-01
M0045,9789332543553C,2021-08-01
M0020,9789386551337A,2021-07-03
M0045,9789386551337C,2021-07-02
M0038,9780984782864B,2021-08-01