P1001,Rudra,2003-05-01,99,T0001
P1002,Advik,2004-06-01,89,T0001
P1003,Adi,2003-05-07,79,T0001
P1004,veer,2003-08-12,69,T0001
P1005,Ahmed,2003-09-13,59,T0001
P1006,Viyan,2002-10-14,49,T0001
P1007,Pramav,2003-11-15,39,T0001
P1008,Shlok,2005-12-16,29,T0001
P1009,Madhav,2004-01-17,19,T0001
P1011,Adam,2003-03-19,1,T0001
P1012,Aarush,2003-04-20,20,T0001
P2001,Kiaan,2003-12-30,1,T0002
P2002,Rudrash,2004-11-29,2,T0002
P2003,Tanish,2002-10-28,3,T0002
P2004,Anand,2001-09-27,4,T0002
P2005,Bhaskar,2005-08-24,5,T0002
P2006,Arup,2003-07-23,6,T0002
P2007,Srihan,2003-06-20,7,T0002
P2008,Advit,2003-05-15,10,T0002
P2009,Raghav,2003-04-12,11,T0002
P2010,Krishna,2003-03-09,12,T0002
P2011,Manas,2004-02-08,13,T0002
P2012,Zayan,2003-01-01,14,T0002
P3001,Daksh,2003-12-30,10,T0003
P3002,Aditya,2004-11-29,26,T0003
P3003,Jay,2004-10-28,34,T0003
P3004,Ravi,2001-09-27,39,T0003
P3005,Suman,2004-08-24,40,T0003
P3006,Souvik,2003-07-22,51,T0003
P3007,Tanmoy,2005-06-20,56,T0003
P3008,Arijit,2003-05-15,74,T0003
P3009,Shivansh,2003-04-22,84,T0003
P3010,Elvin,2005-03-09,93,T0003
P3011,Kabir,2003-02-08,16,T0003
P3012,Joseph,2002-01-01,15,T0003
P4001,William,2003-12-30,10,T0004
P4002,James,2004-11-29,31,T0004
P4003,Issac,2004-10-28,44,T0004
P4004,Max,2001-09-22,55,T0004
P4005,Teddy,2004-08-24,65,T0004
P4006,Finley,2003-06-22,71,T0004
P4007,Jack,2005-06-20,66,T0004
P4008,henry,2003-05-15,44,T0004
P4009,Harry,2003-04-22,88,T0004
P4010,Charlie,2005-03-09,93,T0004
P4011,George,2003-02-08,17,T0004
P4012,Alexander,2002-01-01,29,T0004
P5001,Mark,2002-05-22,15,T0005
P5002,Donald,2004-11-29,10,T0005
P5003,Steven,2004-10-28,61,T0005
P5004,Paul,2001-09-23,17,T0005
P5005,Andrew,2004-08-24,18,T0005
P5006,Joshua,2003-07-22,7,T0005
P5007,Kevin,2005-06-22,8,T0005
P5008,Charles,2003-05-15,89,T0005
P5009,George,2000-04-22,99,T0005
P5010,Stephen,1999-03-09,16,T0005
P5011,Jack,2000-02-08,26,T0005
P5012,Jerry,2000-01-01,3,T0005
P6001,Mark,2002-05-22,15,T0006
P6002,Robert,2004-11-28,10,T0006
P6003,Michael,2004-10-26,61,T0006
P6004,David,2001-09-22,22,T0006
P6005,Daniel,2004-08-20,8,T0006
P6006,Charles,2003-07-20,10,T0006
P6007,Kevin,2005-06-14,12,T0006
P6008,Mathew,2003-05-25,14,T0006
P6009,Mark,2000-04-03,16,T0006
P6010,Anthony,1999-03-05,20,T0006
P6011,Donald,2000-02-14,10,T0006
P6012,Steven,2000-05-01,30,T0006